source,outcome,question_uuid,canonical_source,reason
"B1Q1","INSERTED","0ec00030-066f-4e0e-a314-b6138e8c2c62","B1Q1",""
"B1Q2","INSERTED","bd188f05-0c42-48cd-a129-cae89c4061b2","B1Q2",""
"B1Q3","INSERTED","b7517ab7-bc60-4e86-901c-427dd1d7011e","B1Q3",""
"B1Q4","MATCHED_EXISTING","55000000-0000-0000-0000-000000000002","B1Q4",""
"B1Q5","INSERTED","b8bfebef-c8df-4457-85b4-15e00f0f6cfb","B1Q5",""
"B1Q6","INSERTED","4117ae18-1e91-4274-a269-7f4f724d82d1","B1Q6",""
"B1Q7","INSERTED","4749806b-509a-4e6c-a49f-efbb6244fb3d","B1Q7",""
"B1Q8","INSERTED","325fb9a7-35a9-47d4-9c55-7e586823530d","B1Q8",""
"B1Q9","INSERTED","9151607e-e5bc-4463-aa62-e43db1e3b9c0","B1Q9",""
"B1Q10","MATCHED_EXISTING","55000000-0000-0000-0000-000000000010","B1Q10",""
"B1Q11","INSERTED","cb1851f3-0093-4ace-ac00-6454510e5670","B1Q11",""
"B1Q12","INSERTED","c037f9f6-731a-4e17-b15f-b56d579b5773","B1Q12",""
"B1Q13","INSERTED","7f425251-e8cc-40f7-81f8-7eee7f6fa803","B1Q13",""
"B1Q14","INSERTED","4353eace-a93b-4ac5-838d-2d0829ec7d3b","B1Q14",""
"B1Q15","MATCHED_EXISTING","55000000-0000-0000-0000-000000000011","B1Q15",""
"B1Q16","INSERTED","ebb47824-5c26-407c-9c24-5d9e2dac0021","B1Q16",""
"B1Q17","INSERTED","0a9e7366-6731-4307-a7bd-163818e66a3c","B1Q17",""
"B1Q18","INSERTED","686ddf06-5c2d-469a-9f24-1dd418565fe7","B1Q18",""
"B1Q19","INSERTED","7ba41362-e9c5-457a-a748-f40c72757c55","B1Q19",""
"B1Q20","INSERTED","f74ab0f3-48ed-4f17-90f1-2622533ec032","B1Q20",""
"B1Q21","INSERTED","d5db74e6-48c9-4b8d-baa4-f035fde25106","B1Q21",""
"B1Q22","MATCHED_EXISTING","55000000-0000-0000-0000-000000000005","B1Q22",""
"B1Q23","INSERTED","8520b866-b5bb-418f-8220-8b83aa2c99a2","B1Q23",""
"B1Q24","INSERTED","d602e9b6-7bfb-45c4-91df-716f3c5ef93a","B1Q24",""
"B1Q25","INSERTED","bb1472c8-eebf-4b78-9988-218605949a2e","B1Q25",""
"B1Q26","INSERTED","1ca3ee24-ab68-4bc7-883f-90f3a40f3784","B1Q26",""
"B1Q27","INSERTED","247ef244-da2a-4aa9-b85f-3fb443babfa0","B1Q27",""
"B1Q28","INSERTED","bedd320c-0391-4481-a200-b2bf73573471","B1Q28",""
"B1Q29","MATCHED_EXISTING","70000000-0000-0000-0000-0000000000e3","B1Q29",""
"B1Q30","INSERTED","bc839170-e1ec-44e1-b28f-f5d252b60de0","B1Q30",""
"B1Q31","INSERTED","360c2454-6023-4520-adb5-7d059287ab1a","B1Q31",""
"B1Q32","MATCHED_EXISTING","55000000-0000-0000-0000-00000000000b","B1Q32",""
"B1Q33","MATCHED_EXISTING","55000000-0000-0000-0000-00000000000a","B1Q33",""
"B1Q34","INSERTED","7f86144b-a7ab-44bf-a5a2-da3c49457c3e","B1Q34",""
"B1Q35","INSERTED","a3816d7a-8b63-4756-b543-abe9e51b9f98","B1Q35",""
"B1Q36","INSERTED","c4c280d9-b173-45f5-8924-84773a1a3f47","B1Q36",""
"B1Q37","INSERTED","5bf40700-895a-4dae-bff0-cac9b6ea3797","B1Q37",""
"B1Q38","INSERTED","4a172794-fc11-4496-88e3-32cb2bfc712b","B1Q38",""
"B1Q39","INSERTED","f765b1fe-eb2e-4a04-8240-d3ee8e1a7528","B1Q39",""
"B1Q40","INSERTED","4a7772f9-f1b2-4768-aee4-c7567acde1a0","B1Q40",""
"B1Q41","INSERTED","571b3f98-f138-487c-a623-78506af8ece3","B1Q41",""
"B1Q42","INSERTED","c82e0560-419c-41fb-a4da-7606bdf62d68","B1Q42",""
"B1Q43","INSERTED","8e2fc310-0a6b-4952-aff4-cf0040293ce9","B1Q43",""
"B1Q44","INSERTED","da7335bd-01e6-4729-b01c-fca8dd86450a","B1Q44",""
"B1Q45","MATCHED_EXISTING","55000000-0000-0000-0000-000000000004","B1Q45",""
"B1Q46","INSERTED","9502a994-3ad6-44fd-95a9-e195c9ce7470","B1Q46",""
"B1Q47","INSERTED","aa0256c3-a35f-45f3-81d4-b19c7b36a164","B1Q47",""
"B1Q48","INSERTED","3841a782-ef1c-4e42-b0bd-cfcf1ecc8afc","B1Q48",""
"B1Q49","INSERTED","2fefd638-e737-4b61-91ad-4d14c4cab238","B1Q49",""
"B1Q50","INSERTED","65676618-d3ee-4f88-bd00-db8f7ea59c8a","B1Q50",""
"B1Q51","INSERTED","bb39ab0f-0446-4170-a7f0-b128a6487991","B1Q51",""
"B1Q52","INSERTED","db40273d-e266-4d2a-bf47-246c93b3f602","B1Q52",""
"B1Q53","INSERTED","8e25cd4f-a326-4af8-8e3a-97726b5cc871","B1Q53",""
"B1Q54","INSERTED","ff89a792-3226-4b40-836d-e437a00e6ca8","B1Q54",""
"B1Q55","INSERTED","22fbd101-da81-413e-96c9-43e0a2d047e7","B1Q55",""
"B1Q56","INSERTED","6a2a53f2-ba5b-47d0-a2e7-20f802a97c1d","B1Q56",""
"B1Q57","INSERTED","353d6bdb-d622-41a4-8993-40fee46ed6b3","B1Q57",""
"B1Q58","INSERTED","e30f598f-adef-42a8-9d36-40196d489526","B1Q58",""
"B1Q59","INSERTED","c9f12488-c376-4034-87de-b41b86033f21","B1Q59",""
"B1Q60","INSERTED","10a37e0d-2364-449c-bd12-3fde6f53ddd0","B1Q60",""
"B1Q61","INSERTED","e5a0c140-6e65-4dab-8be6-174f1c09feb6","B1Q61",""
"B1Q62","MATCHED_EXISTING","55000000-0000-0000-0000-000000000007","B1Q62",""
"B1Q63","INSERTED","fef1a9d2-5b53-4d8b-bb50-a2d8e1b962d0","B1Q63",""
"B1Q64","INSERTED","516bccd8-3b96-4b89-8788-f7f51d729e68","B1Q64",""
"B1Q65","INSERTED","13e16582-e3cf-4c1c-b7a8-171bf62ed84d","B1Q65",""
"B1Q66","INSERTED","74774252-f445-4c13-919a-8684e3844231","B1Q66",""
"B1Q67","INSERTED","77b61719-5d32-4580-90e5-8b1861cdd1ed","B1Q67",""
"B1Q68","INSERTED","15185374-94d2-495d-a9ee-80423542fd24","B1Q68",""
"B1Q69","INSERTED","ea61d038-188e-4cd1-8a71-07eebab7e53c","B1Q69",""
"B1Q70","INSERTED","56fd80b1-4e02-42da-aa21-3323077a3c5d","B1Q70",""
"B1Q71","INSERTED","4ff26fad-845d-40cc-9e56-9ca4bd9f20da","B1Q71",""
"B1Q72","MATCHED_EXISTING","55000000-0000-0000-0000-000000000005","B1Q22",""
"B1Q73","INSERTED","9e9eac59-8e8f-405d-bcfd-b18d44cf7a6e","B1Q73",""
"B1Q74","INSERTED","5587a93a-9525-493b-b8ce-7d303c23fb54","B1Q74",""
"B1Q75","INSERTED","df0e8dd2-5656-4f99-9d19-8504e6f4373d","B1Q75",""
"B1Q76","INSERTED","99c2ebaa-ab5a-455b-9aa2-5617fa50210a","B1Q76",""
"B1Q77","INSERTED","9b54e681-9cb1-4125-bfb4-6836549c23e1","B1Q77",""
"B1Q78","INSERTED","fa7be83b-6d38-438a-a6ab-3c6356da9ebd","B1Q78",""
"B1Q79","SOURCE_DUPLICATE","ea61d038-188e-4cd1-8a71-07eebab7e53c","B1Q69",""
"B1Q80","INSERTED","6abd826a-d57e-4324-aedc-1b9281394e4f","B1Q80",""
"B1Q81","INSERTED","ec9206a8-f2d3-4dbe-b4fd-94350ae51e26","B1Q81",""
"B1Q82","INSERTED","6bd184a0-8939-4717-b723-2a40ddf5dce4","B1Q82",""
"B1Q83","INSERTED","a18e3b93-391c-44e2-bc47-2a52608c6472","B1Q83",""
"B1Q84","INSERTED","8d0879e3-cd93-4b08-91bf-e6f470d8b35e","B1Q84",""
"B1Q85","INSERTED","d2f40d35-b2db-4b37-8a33-ffaa88a5c24b","B1Q85",""
"B1Q86","INSERTED","96b22ba9-29da-4921-8c3b-f2bb8ed9ebae","B1Q86",""
"B1Q87","INSERTED","71a72972-92e5-44b7-b3d3-a4ff3b632970","B1Q87",""
"B1Q88","INSERTED","7c947611-88c7-4ea0-83dc-96a411ad7a92","B1Q88",""
"B1Q89","INSERTED","2c6e139f-3f71-49b5-9fcd-4146bf218e87","B1Q89",""
"B1Q90","INSERTED","e75fda43-262b-4e38-b538-8f686fcfeef0","B1Q90",""
"B1Q91","INSERTED","e4d8349f-6338-4dc7-831f-bcbe3760958f","B1Q91",""
"B1Q92","INSERTED","e36d351a-259b-40c5-9256-8555f4511fa1","B1Q92",""
"B1Q93","INSERTED","e9db3936-697b-4826-a3e4-eb97189f5eea","B1Q93",""
"B1Q94","MATCHED_EXISTING","70000000-0000-0000-0000-00000000005d","B1Q94",""
"B1Q95","INSERTED","6e588f18-d590-4456-b925-ef3ff78b5edf","B1Q95",""
"B1Q96","INSERTED","b18003f8-4be7-4b48-b5ed-65c35207bee9","B1Q96",""
"B1Q97","INSERTED","79704be2-ded5-4936-98f3-1c67bc849891","B1Q97",""
"B1Q98","INSERTED","e0ed38f9-1be6-4ce0-8a06-ca40c4c73ea5","B1Q98",""
"B1Q99","INSERTED","da292b65-2808-413b-b8be-cbaaf7cf2c8b","B1Q99",""
"B1Q100","INSERTED","6bdaded4-f5a6-45fc-8a27-2ef21f7c50c1","B1Q100",""
"B1Q101","INSERTED","c0f5b5ac-d9af-4524-bed2-e60ed14119ca","B1Q101",""
"B1Q102","INSERTED","65acbca5-9630-440b-824e-b8317520c2a7","B1Q102",""
"B2Q1","INSERTED","8dd1e44e-4d55-4ffa-95bb-7c540d569780","B2Q1",""
"B2Q2","INSERTED","dcf1dfca-4387-4068-b539-1a111d6ef4dc","B2Q2",""
"B2Q3","INSERTED","c7f63f84-8c25-4a6a-a565-057118004b0d","B2Q3",""
"B2Q4","SOURCE_DUPLICATE","bb1472c8-eebf-4b78-9988-218605949a2e","B1Q25",""
"B2Q5","INSERTED","64386502-d533-443b-a846-9eae9f406fdc","B2Q5",""
"B2Q6","MATCHED_EXISTING","55000000-0000-0000-0000-000000000002","B1Q4",""
"B2Q7","INSERTED","932b753c-6240-4a9d-81e7-f3ae99601376","B2Q7",""
"B2Q8","SOURCE_DUPLICATE","da7335bd-01e6-4729-b01c-fca8dd86450a","B1Q44",""
"B2Q9","SOURCE_DUPLICATE","c9f12488-c376-4034-87de-b41b86033f21","B1Q59",""
"B2Q10","INSERTED","36143e37-7e3b-4915-ab2f-d3a94b6e62ce","B2Q10",""
"B2Q11","MATCHED_EXISTING","55000000-0000-0000-0000-00000000000b","B1Q32",""
"B2Q12","INSERTED","4b752f3e-d49f-4369-9ac3-7a53c27e678a","B2Q12",""
"B2Q13","SOURCE_DUPLICATE","4117ae18-1e91-4274-a269-7f4f724d82d1","B1Q6",""
"B2Q14","MATCHED_EXISTING","55000000-0000-0000-0000-000000000008","B2Q14",""
"B2Q15","INSERTED","1599dc5f-c188-4920-8a7b-4b99843c7633","B2Q15",""
"B2Q16","SOURCE_DUPLICATE","4353eace-a93b-4ac5-838d-2d0829ec7d3b","B1Q14",""
"B2Q17","MATCHED_EXISTING","55000000-0000-0000-0000-000000000011","B1Q15",""
"B2Q18","SOURCE_DUPLICATE","686ddf06-5c2d-469a-9f24-1dd418565fe7","B1Q18",""
"B2Q19","SOURCE_DUPLICATE","353d6bdb-d622-41a4-8993-40fee46ed6b3","B1Q57",""
"B2Q20","INSERTED","4b3cd867-1259-42bc-932e-be02ce2a8477","B2Q20",""
"B2Q21","INSERTED","09107e0a-5b7d-4af5-ab13-aa23888cf278","B2Q21",""
"B2Q22","INSERTED","bdb34c29-1ec0-41e1-815f-feea0618e283","B2Q22",""
"B2Q23","MATCHED_EXISTING","55000000-0000-0000-0000-000000000010","B1Q10",""
"B2Q24","INSERTED","16644b2e-9962-4be4-9802-287b34ef38fb","B2Q24",""
"B2Q25","SOURCE_DUPLICATE","4a7772f9-f1b2-4768-aee4-c7567acde1a0","B1Q40",""
"B2Q26","SOURCE_DUPLICATE","e75fda43-262b-4e38-b538-8f686fcfeef0","B1Q90",""
"B2Q27","SOURCE_DUPLICATE","e4d8349f-6338-4dc7-831f-bcbe3760958f","B1Q91",""
"B2Q28","INSERTED","9fced38b-799c-4043-b05f-ebf551b9fd3f","B2Q28",""
"B3Q1","INSERTED","d008bdcd-6ebb-4bd4-9f4b-755d8e73ba58","B3Q1",""
"B3Q2","INSERTED","ec047eb9-adb1-48d4-9858-52742a8e806d","B3Q2",""
"B3Q3","MATCHED_EXISTING","55000000-0000-0000-0000-000000000002","B1Q4",""
"B3Q4","INSERTED","5d201989-1fdd-4f0d-9dfb-35d2ce30adfc","B3Q4",""
"B3Q5","SOURCE_DUPLICATE","3841a782-ef1c-4e42-b0bd-cfcf1ecc8afc","B1Q48",""
"B3Q6","INSERTED","49434e97-a5a8-404b-823e-f5ed205bce79","B3Q6",""
"B3Q7","SOURCE_DUPLICATE","4a172794-fc11-4496-88e3-32cb2bfc712b","B1Q38",""
"B3Q8","INSERTED","2bce15e8-1fce-4aa7-9ef7-0ec50929546e","B3Q8",""
"B3Q9","INSERTED","dd39a019-aff3-43c1-9fbb-49c002d864d9","B3Q9",""
"B3Q10","INSERTED","f0757777-c637-476d-912d-84a9a19c5614","B3Q10",""
"B3Q11","INSERTED","522df430-2d67-41ca-9a77-d00eef1d2678","B3Q11",""
"B3Q12","INSERTED","9efd50ca-e8c3-4f7c-98ba-c3dde5365e0a","B3Q12",""
"B3Q13","UNRESOLVED","","","All choices are overlapping primate categories; the supplied Baboon key has no unique defensible distinction."
"B3Q14","SOURCE_DUPLICATE","ebb47824-5c26-407c-9c24-5d9e2dac0021","B1Q16",""
"B3Q15","INSERTED","7a125423-b561-4208-982e-9fcb24903d9d","B3Q15",""
"B3Q16","INSERTED","ed5014bc-068f-40ec-b689-c065691817a1","B3Q16",""
"B3Q17","INSERTED","e07db2b1-426d-473d-a496-ee37b9feedd3","B3Q17",""
"B3Q18","INSERTED","0b857f59-abd1-43f2-b490-12bd523a9989","B3Q18",""
"B3Q19","INSERTED","eee32542-180c-469e-b751-e5292ef3a419","B3Q19",""
"B3Q20","INSERTED","4923873b-9545-4685-854a-c55c7d61a5dd","B3Q20",""
"B3Q21","INSERTED","fbd01484-662b-4b70-88cb-151d4c7471c4","B3Q21",""
"B3Q22","MATCHED_EXISTING","70000000-0000-0000-0000-00000000005d","B1Q94",""
"B3Q23","INSERTED","3de5ecc7-86bc-47f0-84c8-72e23b3af0e6","B3Q23",""
"B3Q24","INSERTED","219147af-b70a-4f0c-b266-e26e3f5f150f","B3Q24",""
"B3Q25","INSERTED","b08d9346-de18-455a-8876-799fa51f9e63","B3Q25",""
"B3Q26","SOURCE_DUPLICATE","f0757777-c637-476d-912d-84a9a19c5614","B3Q10",""
"B3Q27","SOURCE_DUPLICATE","4a7772f9-f1b2-4768-aee4-c7567acde1a0","B1Q40",""
"B3Q28","INSERTED","68deaafc-83c1-4417-af5b-c2289b6759c3","B3Q28",""
"B3Q29","INSERTED","0085607e-9eb6-4fa8-b169-a1bd1fb25404","B3Q29",""
"B3Q30","INSERTED","6e412674-a5ba-401c-b371-bac742f53f1a","B3Q30",""
"B4Q1","INSERTED","7e0c01ba-aae0-4c73-9799-e77aca0a219c","B4Q1",""
"B4Q2","INSERTED","164b370b-9ef5-4f8d-a4d5-810dead6b262","B4Q2",""
"B4Q3","INSERTED","f1f1fb36-a017-499a-acf7-0afd47c2ae3f","B4Q3",""
"B4Q4","INSERTED","386da016-d148-415f-96f5-d923ab1a3bde","B4Q4",""
"B4Q5","INSERTED","5a018b0c-4f6e-4a36-8cd8-3eea4f1052ed","B4Q5",""
"B4Q6","INSERTED","cf260275-f80e-4b29-ac4e-7f320d3a366b","B4Q6",""
"B4Q7","INSERTED","d6ba7b03-a327-4ecc-8bbd-4f96f30309e3","B4Q7",""
"B4Q8","INSERTED","af3a7562-a98f-48f9-a301-8b85899b2d44","B4Q8",""
"B4Q9","INSERTED","f25297a6-422a-47f5-9513-15342af3cfc2","B4Q9",""
"B4Q10","INSERTED","19b95a3c-b629-4c49-8633-602dda835102","B4Q10",""
"B4Q11","INSERTED","bd81ff8e-da2d-4d98-8d3b-b619fc4d164a","B4Q11",""
"B4Q12","INSERTED","98bbdf2f-66a0-48f8-a5ef-146ecb140241","B4Q12",""
"B4Q13","INSERTED","789100dd-eb0f-40f5-91f2-0083bf1f71c5","B4Q13",""
"B4Q14","INSERTED","1b046497-922d-4373-8fb2-24c4448cb269","B4Q14",""
"B4Q15","INSERTED","85655d72-f7c2-4e49-b004-bdfa3e0e7323","B4Q15",""
"B4Q16","INSERTED","798e4877-15d8-49af-9696-d8cedaef9d39","B4Q16",""
"B4Q17","INSERTED","756fb065-819b-41b7-8e5d-2ffaf3911d96","B4Q17",""
"B4Q18","INSERTED","ba60546a-c905-48b0-9103-5ccd8e7ca50f","B4Q18",""
"B4Q19","INSERTED","3a8eef7a-56fa-4eb5-ac69-6bc1d0116721","B4Q19",""
"B4Q20","INSERTED","01460cb2-222c-4321-b325-1a92d1459ff0","B4Q20",""
"B4Q21","SOURCE_DUPLICATE","bd81ff8e-da2d-4d98-8d3b-b619fc4d164a","B4Q11",""
"B4Q22","INSERTED","11ac0be6-5d90-44de-a28f-daa0bcca9a9d","B4Q22",""
"B4Q23","INSERTED","7d36984a-9ad3-4d20-b1b2-99b5bd574c2a","B4Q23",""
"B4Q24","INSERTED","77f49ad7-214b-4e9a-8e0e-9abfaed75822","B4Q24",""
"B4Q25","INSERTED","6d286322-a628-4ebb-a3ce-2eeca8f1c2d0","B4Q25",""
"B4Q26","UNRESOLVED","","","Differences are 6,8,5,7; neither the stem nor the keyed fourth pair defines a unique odd-one-out rule."
"B4Q27","INSERTED","49ff0678-7b2e-45df-bc0f-6381eb9f7b68","B4Q27",""
"B4Q28","INSERTED","1cb594c4-cfe5-4805-8fef-396d2d6bb8df","B4Q28",""
"B4Q29","INSERTED","2465940c-c536-4637-9eba-f1c2bd2c40de","B4Q29",""
"B4Q30","INSERTED","47ebcd75-a6ce-460d-8936-937f755b03cc","B4Q30",""
"B4Q31","INSERTED","629b7ac8-8351-4e62-84c0-03b61733ce83","B4Q31",""
"B4Q32","INSERTED","6cae56f5-47bc-4111-9fc4-0794d73d4159","B4Q32",""
"B4Q33","INSERTED","43dfd508-1960-41f3-bae9-c945a3f5aaed","B4Q33",""
"B4Q34","INSERTED","792ce7d9-4599-43fb-92fb-99b8de1c4b8f","B4Q34",""
"B4Q35","INSERTED","3cc03f97-09bc-463b-8a55-c1f12d309058","B4Q35",""
"B4Q36","INSERTED","7a4c36b8-8307-4c40-91f4-2207a0ec514f","B4Q36",""
"B4Q37","INSERTED","2778b88d-40fb-4df1-bae2-460b96735b0d","B4Q37",""
"B4Q38","INSERTED","65c1a08d-05ce-4ee0-b143-6fcdb8e44e9a","B4Q38",""
"B4Q39","INSERTED","07588b7a-c40f-4c72-87fa-a2877c81d90a","B4Q39",""
"B4Q40","INSERTED","a1a00380-717b-497b-b4d2-48542ea3a267","B4Q40",""
"B4Q41","INSERTED","17406794-bb71-480a-9131-36dae016811e","B4Q41",""
"B4Q42","INSERTED","e96ab621-1c5f-42f6-a1c7-1ecf34be8e17","B4Q42",""
"B4Q43","INSERTED","db13cc7a-9c21-43aa-98af-09485f92bd29","B4Q43",""
"B4Q44","INSERTED","dcf4492c-8233-4ae5-bf68-044615a99e09","B4Q44",""
"B4Q45","INSERTED","d9da3f03-026c-401d-9e2d-a69b9208b819","B4Q45",""
"B4Q46","INSERTED","2791720f-b226-4ccb-9e83-0c39c2e99473","B4Q46",""
"B4Q47","INSERTED","8495f4e9-e3c0-4b66-b6dc-0214c868b185","B4Q47",""
"B4Q48","INSERTED","d9a7e437-b1ed-4215-9f1e-57ee3b389eb2","B4Q48",""
"B4Q49","INSERTED","a42c9d28-e49f-49a4-9a81-9a789cf59b93","B4Q49",""
"B4Q50","INSERTED","d141175e-6a6c-4a6d-951d-a55bc8ccda0a","B4Q50",""
"B4Q51","INSERTED","91e5159e-3b7f-4efc-8861-0cd7ee8962dd","B4Q51",""
"B4Q52","UNRESOLVED","","","No consistent simple rule determines the supplied next term from this sequence without guessing."
"B4Q53","INSERTED","c66832cf-2895-4be0-ace4-ed1a8e1d6888","B4Q53",""
"B4Q54","INSERTED","fe485d85-fff5-436c-b7a3-d74c4a01cff3","B4Q54",""
"B4Q55","INSERTED","a5ea8407-5427-41c4-825b-cac752a603f0","B4Q55",""
"B4Q56","INSERTED","d2d839be-ca59-4ce0-8285-0d651f21bc6a","B4Q56",""
"B4Q57","UNRESOLVED","","","Trip, Pair, Peer and Rips have no specified unique odd-one-out relationship."
"B4Q58","INSERTED","c8c87f09-ce84-4d35-8ffb-9bfe33d3cb63","B4Q58",""
"B4Q59","INSERTED","00127309-dded-44c7-b325-313e5a31e6cb","B4Q59",""
"B4Q60","INSERTED","75602c98-4852-4e1c-a2e0-6d514dafd0dd","B4Q60",""
"B4Q61","INSERTED","6eed2f6c-deb8-4050-af6c-e99700fcf27b","B4Q61",""
"B4Q62","INSERTED","1ffcb4f6-af14-48ea-9888-9276ca848283","B4Q62",""
"B4Q63","INSERTED","bc941128-da61-4a78-96be-8e59b1145814","B4Q63",""
"B4Q64","INSERTED","12a92605-5a26-4fef-bfa2-4d9cbdcaed29","B4Q64",""
"B4Q65","INSERTED","82a97a91-9db1-48b6-bfdf-7a338568a6b9","B4Q65",""
"B4Q66","INSERTED","a839ed18-75d9-4c2f-97f0-28580698d881","B4Q66",""
"B4Q67","INSERTED","6344a1b9-79ad-4f72-b484-e542458fea50","B4Q67",""
"B4Q68","INSERTED","ede5c28d-c546-47de-b50b-ccaf9863a6ec","B4Q68",""
"B4Q69","INSERTED","7e5f0e05-67dd-42b5-ad12-e4e4130a90cd","B4Q69",""
"B4Q70","INSERTED","66b098bf-c834-4262-baee-05210d3856d6","B4Q70",""
"B4Q71","INSERTED","9f775f9e-2c29-4229-a9df-95be9d7ecefb","B4Q71",""
"B4Q72","INSERTED","f04268ce-7d32-4c7b-bd73-aad6a204dc40","B4Q72",""
"B4Q73","INSERTED","d2fddbb1-936f-4d99-aa5f-866de50abab7","B4Q73",""
"B4Q74","INSERTED","046a5df8-1703-4448-891f-1a64399029fb","B4Q74",""
"B4Q75","INSERTED","ca2a1a89-135a-4dea-842b-a01535929b83","B4Q75",""
"B4Q76","INSERTED","1cbf872f-d272-4d8c-996e-203e11848575","B4Q76",""
"B4Q77","INSERTED","9e42df1b-2050-4fc2-9cb4-c8b7d878130b","B4Q77",""
"B4Q78","SOURCE_DUPLICATE","386da016-d148-415f-96f5-d923ab1a3bde","B4Q4",""
"B4Q79","INSERTED","e104c5b5-87f3-4982-a293-64708f3e2787","B4Q79",""
"B4Q80","INSERTED","6082a212-1a02-4950-8594-751f20fb2d43","B4Q80",""
"B4Q81","INSERTED","b1c98f04-4d95-44ba-bdfe-36efcbe91bf3","B4Q81",""
"B4Q82","INSERTED","01fbafc1-d45c-4314-adf9-df67c6722518","B4Q82",""
"B4Q83","INSERTED","cd465960-864c-496b-ae23-51aa7247332b","B4Q83",""
"B4Q84","INSERTED","cca52046-f7f9-41ba-bd9c-a8c876114c8d","B4Q84",""
"B4Q85","INSERTED","a8ae21b1-fbef-441f-b58e-b1a6755bc2f9","B4Q85",""
"B4Q86","INSERTED","8079b272-c884-40ac-940d-361066a3f583","B4Q86",""
"B4Q87","SOURCE_DUPLICATE","247ef244-da2a-4aa9-b85f-3fb443babfa0","B1Q27",""
"B4Q88","INSERTED","3309b26a-f6f5-4851-a112-fb968e12e013","B4Q88",""
"B4Q89","INSERTED","0648dd9b-be4e-40a1-8b0d-a8a62439fb4a","B4Q89",""
"B4Q90","INSERTED","a1ab7899-96fd-4b71-bab3-b3e75db6def1","B4Q90",""
"B4Q91","INSERTED","8b3fb179-122a-4fa1-a495-f8bc0bc41760","B4Q91",""
"B4Q92","UNRESOLVED","","","Two letter groups do not determine a unique permutation rule; the keyed next group requires guessing."
"B4Q93","INSERTED","7ec9fbc8-6b92-41d5-a1e0-f210d79d1c3f","B4Q93",""
"B4Q94","UNRESOLVED","","","The sequence 16,8,24,32,16 has no specified coherent rule selecting 40 uniquely."
"B4Q95","INSERTED","b97725b3-f4d8-44c9-b469-2e58f9cfd7b6","B4Q95",""
"B4Q96","INSERTED","8e6bdb79-1e99-4996-900a-a522618fc000","B4Q96",""
"B4Q97","INSERTED","65e807af-dfd9-45fa-b0f3-1081d52111f2","B4Q97",""
"B4Q98","INSERTED","0a2cd4c1-8184-447c-a0a8-0269663a1dea","B4Q98",""
"B4Q99","INSERTED","52e2b958-dbe8-4990-876e-4869e93e1859","B4Q99",""
"B4Q100","INSERTED","117b8467-ee54-4274-8758-01a216c2bf80","B4Q100",""
"B5Q1","INSERTED","03de905d-8cd6-4d5f-b627-aceb273a015e","B5Q1",""
"B5Q2","INSERTED","035554ee-5d34-4ee1-82a4-591654bad2ac","B5Q2",""
"B5Q3","INSERTED","58320a66-4297-4a56-8a69-7e312b8a942e","B5Q3",""
"B5Q4","INSERTED","e714680b-cd12-4a7e-80b2-b1974cbd18c4","B5Q4",""
"B5Q5","INSERTED","bad1785e-0506-40b1-91c2-c08e31f8a3a5","B5Q5",""
"B5Q6","INSERTED","2b2cdb9f-c11e-4b1f-8a99-1a260c3b44b7","B5Q6",""
"B5Q7","INSERTED","90e8267e-5dc7-48e3-8089-9fab2f10cd90","B5Q7",""
"B5Q8","INSERTED","af3bb446-9f77-403c-b036-6d5d4a5559ff","B5Q8",""
"B5Q9","INSERTED","9e34d711-d104-4638-8a26-53418872c3e8","B5Q9",""
"B5Q10","INSERTED","fa174a8f-b95c-4209-ab08-5438d0113f45","B5Q10",""
"B5Q11","INSERTED","2fef6d3c-a5b7-497e-9aa4-fc1478ecef78","B5Q11",""
"B5Q12","INSERTED","0c4d494d-98e4-4f40-8fd9-39b9d2bb8b89","B5Q12",""
"B5Q13","INSERTED","cfb517cc-5008-43a4-a982-a73f6bd895e8","B5Q13",""
"B5Q14","INSERTED","38646076-d7fa-4342-b678-b2bf296a979b","B5Q14",""
"B5Q15","INSERTED","b26c1ad7-229f-49ed-8445-a56d6adb490f","B5Q15",""
"B5Q16","INSERTED","c124120b-c067-498a-9962-49662fc13fd8","B5Q16",""
"B5Q17","INSERTED","6da95373-5372-4b8e-a1ef-778f649241cf","B5Q17",""
"B5Q18","INSERTED","a5b6bf26-1d12-4703-92ad-88b944edde42","B5Q18",""
"B5Q19","INSERTED","5f3eda32-fe09-4846-b9db-0fd35a2bfd0f","B5Q19",""
"B5Q20","INSERTED","7f1fbec3-acc2-4b67-8617-b026fce85fc5","B5Q20",""
"B5Q21","INSERTED","3c7310a7-6b17-44b9-b163-1541eef73ce3","B5Q21",""
"B5Q22","INSERTED","88031cb2-2629-4910-9694-7eeac382ede3","B5Q22",""
"B5Q23","INSERTED","4d3e1ad0-de02-4bc0-bbce-47589dc054bf","B5Q23",""
"B5Q24","INSERTED","4f188a4a-7bac-4ae1-b74f-b914eee82260","B5Q24",""
"B5Q25","INSERTED","6a2ebeb9-7602-4dee-a20d-f12f1d4d5864","B5Q25",""
"B5Q26","INSERTED","dad7885a-ed9f-4ce7-85a3-f6ef194bbf7e","B5Q26",""
"B5Q27","INSERTED","c3ac65fe-da07-4435-a829-cd48b5fded37","B5Q27",""
"B5Q28","INSERTED","c26068f8-4b7f-4589-bdde-997e099595d2","B5Q28",""
"B5Q29","INSERTED","5b187e1d-9d0e-494c-89b8-511d81c72181","B5Q29",""
"B5Q30","INSERTED","acecc0a8-e9dd-47ba-a429-fd78d2b27709","B5Q30",""
"B5Q31","INSERTED","64971d1b-5ff0-4f2d-a6b5-b67a75ee485e","B5Q31",""
"B5Q32","INSERTED","1ad91f44-572a-430d-af43-e05174a18de1","B5Q32",""
"LC159-V1","MATCHED_EXISTING","55000000-0000-0000-0000-000000000002","B1Q4",""
"LC159-V2","MATCHED_EXISTING","55000000-0000-0000-0000-00000000000a","B1Q33",""
"LC159-V3","INSERTED","295fcc0d-5e52-4010-91ec-d74a26036fbb","LC159-V3",""
"LC159-V4","MATCHED_EXISTING","55000000-0000-0000-0000-000000000001","LC159-V4",""
"LC159-V5","MATCHED_EXISTING","55000000-0000-0000-0000-000000000011","B1Q15",""
"LC159-V6","MATCHED_EXISTING","55000000-0000-0000-0000-000000000003","LC159-V6",""
"LC159-V7","MATCHED_EXISTING","55000000-0000-0000-0000-000000000004","B1Q45",""
"LC159-V8","MATCHED_EXISTING","55000000-0000-0000-0000-000000000005","B1Q22",""
"LC159-V9","MATCHED_EXISTING","55000000-0000-0000-0000-000000000006","LC159-V9",""
"LC159-V10","MATCHED_EXISTING","55000000-0000-0000-0000-000000000007","B1Q62",""
"LC159-V11","MATCHED_EXISTING","55000000-0000-0000-0000-000000000008","B2Q14",""
"LC159-V12","SOURCE_DUPLICATE","4a172794-fc11-4496-88e3-32cb2bfc712b","B1Q38",""
"LC159-V13","MATCHED_EXISTING","55000000-0000-0000-0000-000000000009","LC159-V13",""
"LC159-V14","SOURCE_DUPLICATE","c9f12488-c376-4034-87de-b41b86033f21","B1Q59",""
"LC159-V15","SOURCE_DUPLICATE","4a7772f9-f1b2-4768-aee4-c7567acde1a0","B1Q40",""
"LC159-V16","MATCHED_EXISTING","55000000-0000-0000-0000-00000000000b","B1Q32",""
"LC159-V17","SOURCE_DUPLICATE","e75fda43-262b-4e38-b538-8f686fcfeef0","B1Q90",""
"LC159-V18","MATCHED_EXISTING","55000000-0000-0000-0000-000000000010","B1Q10",""
"LC159-V19","MATCHED_EXISTING","55000000-0000-0000-0000-00000000000d","LC159-V19",""
"LC159-V20","MATCHED_EXISTING","55000000-0000-0000-0000-00000000000e","LC159-V20",""
"LC159-V21","INSERTED","5ba68b15-d813-444d-84e6-5e67ab09b554","LC159-V21",""
"LC159-A1","INSERTED","4675948d-0339-4d6a-9280-45e48aeab427","LC159-A1",""
"LC159-A2","MATCHED_EXISTING","75000000-0000-0000-0000-00000000023e","LC159-A2",""
"LC159-A3","MATCHED_EXISTING","75000000-0000-0000-0000-0000000002cc","LC159-A3",""
"LC159-A4","MATCHED_EXISTING","75000000-0000-0000-0000-000000000005","LC159-A4",""
"LC159-A5","MATCHED_EXISTING","75000000-0000-0000-0000-0000000002f3","LC159-A5",""
"LC159-A6","MATCHED_EXISTING","75000000-0000-0000-0000-0000000000f3","LC159-A6",""
"LC159-A7","INSERTED","d297e775-5a86-40ae-b1d8-51dcc7b5484c","LC159-A7",""
"LC159-A8","MATCHED_EXISTING","75000000-0000-0000-0000-000000000001","LC159-A8",""
"LC159-A9","INSERTED","5bffc15d-f727-46b6-97c5-eb468239dbac","LC159-A9",""
"LC159-A10","MATCHED_EXISTING","75000000-0000-0000-0000-000000000003","LC159-A10",""
"LC159-A11","MATCHED_EXISTING","75000000-0000-0000-0000-000000000004","LC159-A11",""
"LC159-A12","MATCHED_EXISTING","75000000-0000-0000-0000-000000000006","LC159-A12",""
"LC159-A13","MATCHED_EXISTING","75000000-0000-0000-0000-000000000007","LC159-A13",""
"LC159-A14","MATCHED_EXISTING","75000000-0000-0000-0000-000000000008","LC159-A14",""
"LC159-A15","MATCHED_EXISTING","75000000-0000-0000-0000-000000000009","LC159-A15",""
"LC159-A16","MATCHED_EXISTING","75000000-0000-0000-0000-00000000000a","LC159-A16",""
"LC159-A17","MATCHED_EXISTING","75000000-0000-0000-0000-00000000000b","LC159-A17",""
"LC159-A18","MATCHED_EXISTING","75000000-0000-0000-0000-00000000000c","LC159-A18",""
"LC159-A19","MATCHED_EXISTING","75000000-0000-0000-0000-00000000000d","LC159-A19",""
"LC159-A20","MATCHED_EXISTING","75000000-0000-0000-0000-00000000000e","LC159-A20",""
"LC159-A21","MATCHED_EXISTING","75000000-0000-0000-0000-00000000000f","LC159-A21",""
"LC159-A22","MATCHED_EXISTING","75000000-0000-0000-0000-000000000010","LC159-A22",""
"LC159-A23","MATCHED_EXISTING","75000000-0000-0000-0000-000000000011","LC159-A23",""
"LC159-A24","MATCHED_EXISTING","75000000-0000-0000-0000-000000000012","LC159-A24",""
"LC159-A25","MATCHED_EXISTING","75000000-0000-0000-0000-000000000013","LC159-A25",""
"LC159-A26","MATCHED_EXISTING","75000000-0000-0000-0000-000000000014","LC159-A26",""
"LC159-A27","MATCHED_EXISTING","75000000-0000-0000-0000-000000000015","LC159-A27",""
"LC159-A28","INSERTED","87bac655-f8dd-42ef-b124-9e42d6ec7035","LC159-A28",""
"LC159-A29","MATCHED_EXISTING","75000000-0000-0000-0000-000000000017","LC159-A29",""
"LC159-A30","MATCHED_EXISTING","75000000-0000-0000-0000-00000000066d","LC159-A30",""
"LC159-A31","MATCHED_EXISTING","75000000-0000-0000-0000-00000000001b","LC159-A31",""